{
  "project_info": {
    "project_number": "567029890860",
    "firebase_url": "https://com-gec-geccomplainttrac-1240a-default-rtdb.firebaseio.com",
    "project_id": "com-gec-geccomplainttrac-1240a",
    "storage_bucket": "com-gec-geccomplainttrac-1240a.firebasestorage.app"
  },
  "client": [
    {
      "client_info": {
        "mobilesdk_app_id": "1:567029890860:android:cae0826cd9b7af06857689",
        "android_client_info": {
          "package_name": "com.gec.geccomplainttracker"
        }
      },
      "oauth_client": [],
      "api_key": [
        {
          "current_key": "AIzaSyAfctkRKj_bFmT6XNwjRyIXg7UlvFYFhx4"
        }
      ],
      "services": {
        "appinvite_service": {
          "other_platform_oauth_client": []
        }
      }
    }
  ],
  "configuration_version": "1"
}